{"cameraMode":{"drawMode":0,"name":"Shaded","section":"Shading Mode"},"sceneLighting":false,"audioPlay":false,"sceneViewState":{"showFog":true,"showMaterialUpdate":false,"showSkybox":false,"showFlares":true,"showImageEffects":true,"showParticleSystems":true},"in2DMode":false,"pivot":{"x":-2.4100003242492677,"y":0.13215923309326173,"z":3.1599996089935304},"rotation":{"x":0.17633429169654847,"y":0.6770266890525818,"z":-0.17215244472026826,"w":0.6934735774993897},"size":11.483813285827637,"orthographic":true}