{"cameraMode":{"drawMode":0,"name":"Shaded","section":"Shading Mode"},"sceneLighting":false,"audioPlay":false,"sceneViewState":{"showFog":true,"showMaterialUpdate":false,"showSkybox":false,"showFlares":true,"showImageEffects":true,"showParticleSystems":true},"in2DMode":false,"pivot":{"x":-0.07189702987670899,"y":1.3829160928726197,"z":-0.7300000190734863},"rotation":{"x":-0.7000730633735657,"y":-0.00042302170186303556,"z":0.0004148197185713798,"w":-0.7140711545944214},"size":3.7681596279144289,"orthographic":true}