{"cameraMode":{"drawMode":0,"name":"Shaded","section":"Shading Mode"},"sceneLighting":false,"audioPlay":false,"sceneViewState":{"showFog":true,"showMaterialUpdate":false,"showSkybox":false,"showFlares":true,"showImageEffects":true,"showParticleSystems":true},"in2DMode":false,"pivot":{"x":8.41260051727295,"y":4.02358865737915,"z":-1.4906892776489258},"rotation":{"x":0.19783154129981996,"y":-0.6755018830299377,"z":0.19570714235305787,"w":0.6828337907791138},"size":0.5715773701667786,"orthographic":true}