{"cameraMode":{"drawMode":0,"name":"Shaded","section":"Shading Mode"},"sceneLighting":false,"audioPlay":false,"sceneViewState":{"showFog":true,"showMaterialUpdate":false,"showSkybox":false,"showFlares":true,"showImageEffects":true,"showParticleSystems":true},"in2DMode":false,"pivot":{"x":-5.808248519897461,"y":-1.019186019897461,"z":-3.067563056945801},"rotation":{"x":-0.038934674113988879,"y":0.8469586372375488,"z":-0.06262678653001785,"w":-0.5265263915061951},"size":33.123077392578128,"orthographic":false}