{"cameraMode":{"drawMode":0,"name":"Shaded","section":"Shading Mode"},"sceneLighting":false,"audioPlay":false,"sceneViewState":{"showFog":true,"showMaterialUpdate":false,"showSkybox":true,"showFlares":true,"showImageEffects":true,"showParticleSystems":true},"in2DMode":false,"pivot":{"x":0.8831639289855957,"y":1.1888201236724854,"z":0.7885175347328186},"rotation":{"x":0.3259443938732147,"y":-0.6737320423126221,"z":0.4553144574165344,"w":0.4822950065135956},"size":4.041658401489258,"orthographic":false}