{"cameraMode":{"drawMode":0,"name":"Shaded","section":"Shading Mode"},"sceneLighting":false,"audioPlay":false,"sceneViewState":{"showFog":true,"showMaterialUpdate":false,"showSkybox":false,"showFlares":true,"showImageEffects":true,"showParticleSystems":true},"in2DMode":false,"pivot":{"x":1.3723926544189454,"y":2.7300000190734865,"z":0.15800857543945313},"rotation":{"x":-0.7000730633735657,"y":-0.00042302170186303556,"z":0.0004148197185713798,"w":-0.7140711545944214},"size":0.5715766549110413,"orthographic":true}